0,059507344,0,3348177075,-0,314047575,0,5205059052,0,6940138139
0,064512227,0,3291820884,0,06652283669,-0,2285766602,0,4062430611
0,069547627,0,1064253449,-0,4201316833,0,2232255936,0,4875106676
0,07455251,0,1931107342,0,1132888794,-0,162856102,0,2768541779
0,079557393,-0,3502912223,0,3332028389,-0,0461473465,0,4856517784
0,084592793,0,8695667982,0,02003717422,0,9264669418,1,27078279
0,089597676,-0,8361479044,-0,08887195587,0,5893878937,1,026849372
0,094633076,-0,8408170938,0,4555802345,1,360762596,1,663190181
0,099637959,-0,8280897141,0,4861006737,1,35428524,1,660155099
0,10467336,-0,7232394814,0,6295223236,0,2372407913,0,9877534594
0,109678242,-0,7269317508,0,6437482834,0,2340784073,0,9988164613
0,114713643,-0,1819530874,0,5764567852,0,02577781677,0,6050403681
0,119718526,-0,2350305915,0,5701951981,0,02641391754,0,6173002818
0,124723408,0,193230778,1,67356205,-1,062714577,1,991861024
0,129758809,0,173351258,1,667773485,-1,061577797,1,984556997
0,134763692,0,4358966351,0,4254934788,0,7491168976,0,9655188777
0,139768574,-0,216589421,1,456589699,0,6571216583,1,612567332
0,144773457,-0,2452862412,0,7497520447,0,7601184845,1,095478699
0,149808858,-0,2256606221,0,7103500366,0,7697868347,1,071490393
0,15481374,-0,3922168911,0,518674612,0,361577034,0,7440399145
0,159818623,-0,3803450167,0,5170650482,0,362118721,0,7369861355
0,164823506,-0,6779765487,0,1249258518,0,4172325134,0,8058173734
0,169828389,-0,002399668097,1,770240784,0,250875473,1,787930841
0,174833272,-0,983564496,0,2805056572,1,437731743,1,76441353
0,179838155,-0,6720715761,1,247117519,0,3959093094,1,470961078
0,184843037,-0,7241283655,1,247203112,0,395195961,1,495345224
0,189878438,1,176415443,0,6366631985,2,015209198,2,418752041
0,194883321,1,15315187,1,292821884,0,09656143188,1,735071114
0,199888203,1,836403131,0,6939995289,-0,4722700119,2,019170813
0,204893086,0,8209849,0,1830646992,-0,3808774948,0,9233615522
0,209897969,1,489637971,1,399037838,-0,2874412537,2,063722518
0,214933369,0,6749533415,1,583813906,-1,011742592,1,996910507
0,219938252,-0,746240437,0,3485476971,-0,4767541885,0,9516589953
0,224943135,1,193786025,1,187651396,0,6295585632,1,797772204
0,229978535,-1,055924892,0,4644899368,2,814164162,3,04142207
0,234983418,-0,5749907494,0,2852985859,1,727977753,1,843343907
0,240018819,-1,336744785,-0,2517299652,-0,470541954,1,439327734
0,245023701,0,7188683748,0,8172879219,-0,5197973251,1,206200873
0,250028584,-0,03926448524,-1,730009079,1,554400444,2,326076923
0,255063985,0,599842906,-0,6474657059,0,4369325638,0,9848519774
0,260068867,-0,2900242209,-1,293881655,-1,4050951,1,931977232
0,26507375,-1,541876435,-1,762985945,-2,315810204,3,293702974
0,270109151,-1,414727449,-2,913828373,1,350068092,3,509206947
0,275114033,-0,6433739066,-3,152787924,2,013447762,3,795783656
0,280118916,0,138959989,-2,536466599,1,297199249,2,8523146
0,285154317,-0,1988646537,-2,400061369,2,077874184,3,180786514
0,290159199,-0,2134830356,-2,348543167,2,06652832,3,13556523
0,295164082,0,7137367725,-3,055194139,2,407299995,3,954582744
0,300168965,0,9731593728,-2,629619837,-1,256748199,3,072678911
0,305204365,0,9732558131,-2,613361835,-1,260091782,3,060182717
0,310209248,-0,201854974,-2,357011318,-2,771491051,3,643818111
0,315214131,0,2263233364,-2,677464485,-0,9092254639,2,836675742
0,320219014,-0,4538315535,-2,891674995,2,220861435,3,674230922
0,325223897,-1,159582853,-3,028975964,1,318871498,3,50124975
0,330259297,1,11342144,-0,8454200029,-0,1181249619,1,402995293
0,33526418,1,085819483,-0,7989928722,-0,1270952225,1,35408521
0,340269063,0,6903879642,-1,622941971,-0,8043079376,1,938423958
0,345273946,0,6711965799,-1,607716918,-0,8071546555,1,920093012
0,350278828,-0,01217927784,-2,125042915,-4,708518028,5,165858859
0,355314229,-0,4427738786,-2,990354538,-2,075270653,3,666744776
0,360319112,-0,395575881,-2,968884706,-2,078795433,3,645839702
0,365323994,-0,7216780782,-3,096427917,3,583863258,4,790903981
0,370328877,0,2251419574,-1,566102862,0,6746425629,1,720031879
0,375364278,0,2328080386,-1,533916712,0,6693305969,1,689705155
0,38036916,-0,9810033441,-2,576156139,0,56387043,2,813698256
0,385374043,-0,1720909476,-2,324635029,1,465461731,2,753383627
0,390409444,0,720476985,-1,736902952,-1,860996246,2,645605031
0,395414326,-0,9565829635,-2,086244583,-4,375909805,4,941260371
0,400419209,-0,9505300522,-2,049310684,-4,381573677,4,929641929
0,40545461,-0,5287798643,-2,737899303,-2,197024345,3,550016439
0,410459492,-1,408042908,-1,370434403,1,115158081,2,259259354
0,415464375,-0,6542876363,-2,491154194,2,780151367,3,789879042
0,420499776,-0,07391603291,-2,080035686,-0,08862686157,2,083234686
0,425504658,0,1989116967,-1,711479187,1,867389679,2,540840625
0,430509541,0,7761973143,-2,368553638,1,29960537,2,810961175
0,435514424,0,775156498,-2,344131947,1,29643631,2,788650083
0,440549824,0,2991464734,-1,409685135,-3,403548241,3,696057551
0,445554707,0,3161310554,-1,37061882,-3,40819931,3,687052662
0,45055959,-1,102342963,-1,149256349,0,5758953094,1,693400594
0,455564473,0,006527677178,-2,984268904,5,335058212,6,112998416
0,460599873,0,02431693673,-2,962565184,5,332928658,6,100615694
0,465604756,0,2411434501,-2,013173819,0,737616539,2,157567414
0,470609639,-0,01422077417,-1,756592989,0,8299684525,1,942850687
0,475614522,0,6551685929,-1,786809564,1,466532707,2,402634488
0,480619405,0,8769138455,-1,287719131,-1,659208298,2,27599882
0,485654805,0,5169981718,-1,645626545,-3,85082531,4,219505824
0,490659688,-0,6869700551,-2,023314238,-2,99505043,3,679137866
0,495664571,-1,516270518,-1,842903376,0,7367544174,2,497634122
0,500669453,-0,469671756,-1,911123753,4,022747993,4,478335291
0,505704854,-1,091435313,-1,457751751,2,923350334,3,444161493
0,510709737,-1,102360964,-1,449452877,2,922308922,3,443254677
0,515714619,-0,5235211849,-1,876969099,0,4619092941,2,002610203
0,52075002,-0,566249609,-1,872743607,0,4607915878,2,010008986
0,525754903,0,6785823107,-1,285650492,1,116333961,1,832913706
0,530759785,0,6981893778,-1,487243176,0,4748096466,1,71020609
0,535795186,0,4715639353,-1,299353361,-3,492258072,3,755869825
0,540800069,-1,575696945,-2,259412766,-0,9260663986,2,906091169
0,545804951,-1,54677248,-2,25423789,-0,9260187149,2,886451841
0,550840352,-0,7748134732,-1,24454236,3,256843567,3,571589509
0,555845235,-0,4833567142,-1,727645159,0,09089565277,1,796288821
0,560850117,0,2045758665,-0,8579189777,-1,29117012,1,56364847
0,565885518,0,05878804624,-1,862247348,1,479400635,2,379085424
0,570890401,0,03332327306,-1,85258615,1,478185654,2,370278193
0,575895283,0,5664815307,-1,448863983,0,7498006821,1,726936371
0,580900166,-0,3864171505,-1,291782737,-4,769316673,4,956248822
0,585935567,-0,675614059,-2,213384628,-2,328679085,3,283027893
0,590940449,-1,26871109,-0,7440116405,1,317089081,1,974311221
0,595945332,-0,826908946,-2,032888651,3,89654541,4,472077907
0,600950215,-0,8135236502,-1,532511234,0,9957332611,2,000473979
0,605985615,-0,8326527476,-1,518978477,0,99426651,1,997291191
0,610990498,0,0118085742,-0,5732727647,-1,144300461,1,279923689
0,615995381,0,1021938324,-0,9181208014,1,164477348,1,48640401
0,621000264,0,9945739508,-1,168431282,-1,394019127,2,073089079
0,626005147,0,5804416537,-1,154415607,-4,500538826,4,682353856
0,631040547,-0,5183478594,-1,310944796,-3,862259865,4,111485379
0,63604543,-1,676356077,-2,266477346,1,635924339,3,259346208
0,641050313,-1,636969328,-2,245767355,1,635369301,3,224526685
0,646055196,-1,013990521,-1,270610094,3,358418465,3,731166222
0,651090596,0,3584608138,-0,7935281992,2,327775002,2,485300307
0,656095479,0,01340188086,-0,7694758773,-0,0988407135,0,7759137985
0,661100362,0,7531783581,-1,361632466,2,49491024,2,940390743
0,666105244,0,733721137,-1,34572649,2,493728638,2,92711616
0,671140645,1,053809881,-0,7737593651,-2,750126839,3,045064277
0,676145528,1,059646368,-0,7661764026,-2,75045681,3,045470303
0,68115041,-0,07369355857,-1,570672989,-2,200028419,2,704176293
0,686185811,-1,464336634,-0,7087232471,1,303263664,2,084482333
0,691190694,-0,6763623357,-2,083092213,4,435063362,4,946364948
0,696195576,-0,4525265694,-0,9039631486,2,089022636,2,320763936
0,701230977,-0,4650284648,-0,9020528197,2,088633537,2,322141429
0,70623586,-0,6012208462,-1,738308668,1,251836777,2,224922211
0,711240742,0,8829342127,-0,5144504905,1,454948425,1,777950239
0,716276143,0,8680696487,-0,5125644207,1,454642296,1,769816773
0,721281026,0,8872753978,-0,414691925,-3,907909393,4,028769397
0,726285908,-1,159046769,-2,051843405,-3,254470825,4,018087993
0,731290791,-0,8463980556,-1,319670081,-0,5868816376,1,674021759
0,736326192,-1,058068275,-0,7699683905,1,985326767,2,377789345
0,741331074,-1,036070585,-0,7662088275,1,985591888,2,367085417
0,746335957,-0,2521772981,-0,8533471823,1,054257393,1,379584522
0,75134084,-0,830008626,-0,9939932227,0,07459259033,1,297112524
0,75637624,0,3940874338,-1,391194582,1,897881508,2,385934091
0,761381123,-0,0534664318,-1,240467191,0,5925111771,1,375749616
0,766386006,-0,06931457669,-1,242094278,0,592414856,1,377881732
0,771390889,0,9019172192,-0,5092108846,-1,526796341,1,844954596
0,776426289,-0,05321387947,-0,9065830708,-3,741560936,3,850195166
0,781431172,-1,932237744,-2,195504427,0,8097333908,3,034707655
0,786436055,-0,5821536779,-0,9406822324,2,703989029,2,921530872
0,791440938,-0,567191124,-0,9312649369,2,703843117,2,915429257
0,796476338,-0,08859208226,-1,066267252,2,432649612,2,657547468
0,801481221,-0,4417091608,-0,8206923604,0,2053098679,0,954355843
0,806486104,0,5824654698,-1,382303953,2,162518501,2,631827599
0,811490987,-0,2781067193,-0,9230835438,0,1914548874,0,9828944755
0,816526387,1,12562108,-1,053744078,-2,15076828,2,646356664
0,82153127,0,2342796326,-0,8247665763,-4,363084793,4,446530756
0,826536153,0,2507736087,-0,8179918528,-4,363202095,4,446294029
0,831541035,-1,637281179,-1,767290354,1,057244301,2,630925762
0,836576436,-0,1816183776,-1,106552839,3,05419445,3,253543939
0,841581319,-0,4678864479,-1,258963108,2,752244949,3,062475812
0,846586201,-0,4504875541,-0,5661945343,1,633965492,1,786997067
0,851621602,-0,4308909476,-0,7777841091,0,08410263062,0,8931340222
0,856626485,0,9599354267,-1,396876812,2,319124222,2,872468974
0,861631367,0,9355912209,-1,391902685,2,318739891,2,86169158
0,86663625,-0,4046061337,-0,8650350571,0,2882642746,0,9975410094
0,871671651,0,9751666784,-0,8484221697,-2,87433815,3,151601185
0,876676533,0,3068745136,-0,8498020172,-4,152862549,4,250012092
0,881681416,-0,2399473786,-0,7045325041,-2,481277466,2,590497762
0,886716817,-1,446473837,-1,733011961,0,7488203049,2,378307984
0,891721699,-0,2716322541,-1,129883289,3,198507309,3,403067636
0,896726582,-0,2788690329,-1,126928568,3,19827652,3,402456264
0,901761983,0,1691561788,-1,147838831,1,348879814,1,779220208
0,906766865,0,1193631515,-1,144512892,1,348196983,1,772510205
0,911771748,0,2597286701,-0,8733189702,1,980016708,2,17958968
0,916776631,-0,1563882232,-1,070740819,-0,2705116272,1,115401147
0,921812031,0,2161020786,-0,4983155429,-4,235505104,4,270189923
0,926816914,0,2304521799,-0,4957578778,-4,235513687,4,270651036
0,931821797,0,7364037633,-1,221557975,-2,788948059,3,132527041
0,93682668,-0,185291186,-0,7315323949,1,540100098,1,715045416
0,94186208,-0,1560402662,-0,72562325,1,540385246,1,709872619
0,946866963,-0,4113917947,-0,4684738219,2,871376038,2,93828373
0,951871846,-0,4342347085,-0,4616734684,2,870818138,2,939948802
0,956876729,0,1067740098,-1,029739857,0,4614696503,1,133454498
0,961881612,0,4036298692,-0,8546507359,1,095479965,1,446866029
0,966917012,0,4049328566,-1,04628849,-0,8847770691,1,428817933
0,971921895,0,7597403526,-0,6275998354,-4,229812622,4,343086664
0,976926778,0,7691894174,-0,6214246154,-4,229930878,4,343976996
0,981962178,0,2130598128,-0,9698270559,-3,600245476,3,734665512
0,986967061,-0,9340413213,-1,417992353,-1,576797485,2,317202152
0,991971944,-0,229584977,-0,2882453799,0,9781694412,1,045279923
0,996976826,-1,088239312,-1,601837039,2,587134361,3,231626665
1,002012227,-0,5251859426,-0,7389569283,2,66580677,2,815742061
1,00701711,-0,5199930668,-1,345692635,1,743024826,2,26261287
1,012021992,0,9428343177,-0,2728993297,1,318738937,1,643923046
1,017057393,-0,06714880466,-1,286967158,-0,5034198761,1,383555203
1,022062276,0,8465225697,-0,613579452,-2,90483284,3,087253477
1,027067158,0,8476720452,-0,610689342,-2,904881477,3,087041588
1,032072041,0,2540021539,-0,7182042599,-2,809042931,2,910507969
1,037107442,-1,127804518,-1,400521874,0,7370004654,1,943340999
1,042112324,-1,079502463,-1,398040056,0,7374944687,1,914089773
1,047117207,-1,051337361,-0,8518773317,2,298549652,2,667271216
1,052152608,-0,6890528202,-0,6803574562,2,478175163,2,660645072
1,05715749,-0,741153121,-0,5076797009,0,1099824905,0,9050650671
1,062162373,-0,7901633382,-0,502065599,0,1093864441,0,9425462115
1,067167256,-0,3432972729,-0,7025001049,1,418680191,1,61988052
1,072202656,1,139308691,-0,8578706384,-1,564558029,2,117028142
1,077207539,0,1739665717,-0,676751256,-4,246161461,4,303271288
1,082212422,0,662121892,-0,7205621004,-3,28578949,3,428414752
1,087217305,-0,9054090977,-1,156951308,-1,526104927,2,118324388
1,092252705,0,172634989,-0,5590918064,1,16061306,1,299772735
1,097257588,-1,486872911,-1,40463984,2,278879166,3,062204171
1,102262471,-0,03899230063,-0,7784380913,2,724473,2,833767702
1,107267354,-0,5041531324,-0,2188191265,2,195052147,2,262809342
1,112302754,-0,75650388,-1,178956389,0,5520343781,1,505648778
1,117307637,0,6125715375,-0,3391866684,0,7074251175,0,9953601265
1,12231252,0,5877161026,-0,3325273693,0,7073049545,0,9778880137
1,12734792,1,048509717,-0,6349144578,-2,697527885,2,962962316
1,132352803,1,054122925,-0,6318191886,-2,697566986,2,964327626
1,137357686,0,3654517233,-0,486905098,-4,306266785,4,349087853
1,142362569,-0,8887050152,-1,483394027,-0,8801660538,1,940347063
1,147397969,-0,84084481,-1,479690075,-0,8798160553,1,915875519
1,152402852,-0,8005637527,-1,47060895,-0,8793945313,1,89127675
1,157407735,-1,144588351,-1,161247492,2,608960152,3,076564855
1,162412617,-0,7819078565,-0,3994495869,1,420947075,1,670338426
1,167448018,-0,8265765309,-0,3864952326,1,420387268,1,688226086
1,172452901,-0,7110614777,-1,238565803,1,831806183,2,32275
1,177457783,0,06683885306,-0,8034901023,-1,3284235,1,553953916
1,182493184,0,05344997719,-0,7945306301,-1,328453064,1,548845817
1,187498067,0,7580714822,-0,9258862138,-3,119506836,3,341146592
1,192502949,0,5140759349,-0,3253393769,-3,670201302,3,720281894
1,197507832,0,4317044616,-0,8256884813,-2,489531517,2,658175574
1,202543233,-1,176737309,-1,058135629,-0,8633031845,1,802679697
1,207548115,-0,334297955,-0,5295708776,1,526498795,1,649969396
1,212552998,-0,6083723903,-1,019079566,3,583130836,3,774581661
1,217557881,-0,3726600409,-0,4373528659,3,821998596,3,864948422
1,222593281,-0,7211064696,-0,3000042737,1,097064972,1,346680607
1,227598164,-0,7541472912,-0,9140693545,0,4143371582,1,255362976
1,232603047,0,09236232191,-0,6303342581,-0,4834480286,0,7997337505
1,23760793,0,614340663,-0,6496309638,-3,325253487,3,443362541
1,24264333,0,3312131464,-0,4312739074,-4,34041214,4,374343022
1,247648213,0,3754240274,-0,7288732529,-2,183436394,2,3322937
1,252653096,-0,897066772,-1,113488674,0,02436351776,1,43009769
1,257688496,-0,8419536352,-1,115853667,0,02490139008,1,398082762
1,262693379,-0,7249258757,-0,8279121518,1,952661514,2,241393104
1,267698262,-0,7764763832,-0,6489011645,3,750863075,3,884966165
1,272703145,-0,6903973818,-0,1533355862,2,454979897,2,554816361
1,277738545,-0,7461849451,-0,1479753554,2,45443821,2,569621685
1,282743428,0,3664326072,-0,3255483508,0,5101537704,0,7074683412
1,287748311,0,3316307962,-0,3231023252,0,5101833344,0,6889565532
1,292783711,0,07258549333,-0,8098678589,-0,6774082184,1,058317768
1,297788594,0,3473038673,-0,5285477042,-4,280462265,4,326931922
1,302793477,0,3725281358,-0,5284636021,-4,280501366,4,329057973
1,30779836,-0,09583497047,-0,7566774487,-1,656585693,1,823738266
1,31283376,-0,08908110857,-0,6711450219,1,305461884,1,470578734
1,317838643,-1,557777643,-0,9974877834,2,338069916,2,981312462
1,322843526,-1,544850349,-0,9941194654,2,338294029,2,973626587
1,327848408,-1,033859015,-0,3773590922,3,111578941,3,300482973
1,332883809,-0,6217226386,-0,7034626603,0,6306247711,1,130967
1,337888692,-0,1974899024,-0,6652911901,0,8886079788,1,127492248
1,342893574,-0,2456931025,-0,6574782729,0,8885259628,1,132307894
1,347898457,0,5266063213,-0,9598490596,1,108965874,1,558341986
1,352933858,0,4616245031,-0,8041859865,-4,297037125,4,395945897
1,35793874,0,4744699597,-0,8032613397,-4,297046661,4,397153685
1,362943623,0,5509715676,0,1132914349,-3,937962532,3,977933323
1,367948506,1,04534173,-0,5134234428,-1,912109375,2,238862485
1,372983906,-0,6778482199,-0,2705361843,0,9902963638,1,230184915
1,377988789,-0,6415752769,-0,2666002214,0,9909200668,1,210213656
1,382993672,-0,762046814,-0,1591903269,3,631851196,3,714350551
1,388029072,-0,7909206152,-0,1551949382,3,631399155,3,719771594
1,393033955,-0,02854725718,-0,8204892278,2,249360085,2,394501683
1,398038838,0,01182615757,-0,3959946036,0,7547397614,0,8523987866
1,403043721,-0,02435677312,-0,3941951394,0,7546825409,0,8517797825
1,408079121,0,2894488573,-0,7778475285,-3,339128494,3,440727615
1,413084004,0,2976149917,-0,7779316306,-3,339133263,3,441447842
1,418088887,1,135446429,-0,1910393685,-2,486883163,2,740496762
1,42309377,-0,4470460415,-0,9592708945,-1,540978432,1,869402402
1,42812917,0,06233365834,-0,501799643,1,181909561,1,285534355
1,433134053,-1,403749943,-0,8657136559,2,365221977,2,883443954
1,438138936,-0,3538591266,-0,549222827,4,166087151,4,217006538
1,443174336,-1,031185865,-0,3672695458,2,925447464,3,123535508
1,448179219,-0,4571614265,-0,5491117239,0,5090370178,0,877290682
1,453184102,-0,3729476929,-0,3080762923,0,4821243286,0,6829676799
1,458188985,0,6700974703,-1,105914712,0,8481931686,1,546450653
1,463224385,0,3097617924,-0,1701706201,-2,335917473,2,36250309
1,468229268,0,475440979,-0,7841202617,-4,081418037,4,183164102
1,473234151,0,4914174676,-0,7855071425,-4,081424713,4,185276608
1,478269551,0,9374554157,-0,6869915724,-1,541049957,1,930185237
1,483274434,-0,933788836,-0,8409351707,-0,8006219864,1,490009771
1,488279317,-0,879281342,-0,8392702937,-0,799864769,1,455092421
1,493284199,-0,8373049498,-0,4959112406,2,837368965,2,999611672
1,4983196,-0,7272315621,-0,9086962938,4,908466339,5,044565046
1,503324483,-0,4972051084,0,2028932571,1,347730637,1,450777882
1,508329365,-0,4552367628,-1,184351087,-0,2998790741,1,303785053
1,513334248,-0,1185733229,-0,1287153959,0,5855445862,0,6111380764
1,518369649,-0,1516070664,-0,1204268485,0,5855293274,0,6167105656
1,523374531,0,5844975114,-0,9193714857,0,4658098221,1,184846007
1,528379414,0,5453765392,-0,2405822724,-3,113451004,3,169998826
1,533384297,0,5607862473,0,05718415976,-2,998338699,3,050866467
1,538419697,0,345756948,-0,8124766946,-0,8886079788,1,25271321
1,54342458,-0,8504507542,-0,8603200912,0,4984083176,1,308368448
1,548429463,-0,7983862758,-0,85701406,0,4994068146,1,27330315
1,553434346,-0,1962701678,-0,2659014463,3,262657166,3,279353189
1,558469746,-0,9958436489,-0,845643878,4,213181496,4,411090166
1,563474629,-1,041129231,-0,8437618613,4,21235466,4,420386401
1,568479512,-0,6420753002,-0,9576356411,1,079933167,1,579741231
1,573484395,-0,6956887245,-0,9584507942,1,079486847,1,602467653
1,578519795,0,641354084,-0,7873764634,-1,101868629,1,49846963
1,583524678,0,212700054,-0,6894695759,-3,151385307,3,232930399
1,588529561,0,5458393693,-0,1687678993,-3,651834488,3,696257343
1,593564961,0,5772792101,-0,1764185429,-3,651801109,3,701354635
1,598569844,1,251352191,-0,5697126985,-0,9052324295,1,646177577
1,603574727,1,312751293,-0,5760959387,-0,9044380188,1,695054754
1,60857961,-0,8383249044,-1,066348553,1,1027565,1,748130367
1,61361501,-0,5572516322,-0,9359577298,3,29838562,3,473599567
1,618619893,-0,5779722929,-0,94259727,3,29780674,3,478228123
1,623624776,-0,7391014099,0,04754509777,1,266476631,1,467138197
1,628660176,-0,4687901437,-1,49868381,0,7366781235,1,734506275
1,633665059,-0,5302670598,-1,505803466,0,7361030579,1,757974671
1,638669942,-0,3633444309,0,1738054603,-0,4037656784,0,5703106492
1,643674824,0,259254396,-1,472589612,-0,286482811,1,522434041
1,648710225,0,492336452,0,2864403725,-3,937767029,3,978750111
1,653715108,0,5563237071,0,02147131413,-2,755181313,2,810868398
1,65871999,1,627113819,-0,547986269,-1,670240402,2,395306104
1,663755391,-0,7452677488,-1,328912497,0,1743545532,1,533568372
1,668760274,-0,6907109022,-1,331618428,0,1754055023,1,510316616
1,673765156,-0,5637885928,-0,3921020627,2,292277336,2,392934807
1,678770039,-0,8330844045,-0,6251643896,3,376663208,3,533654561
1,68380544,-0,7628692389,-0,3041903377,1,345489502,1,576338554
1,688810322,-0,8882373571,-0,5547862053,-0,1278972626,1,055040779
1,693815205,-1,356706142,-0,7274039984,0,4031076431,1,591308866
1,698820088,0,6108950377,-0,7062157393,-0,07583141327,0,9368478108
1,703855488,0,5963239074,-0,6991212964,-0,07577133179,0,9220163146
1,708860371,0,7661631107,-0,8769729137,-3,817626953,3,991285878
1,713865254,0,5504365563,0,01921035349,-3,709974289,3,750634435
1,718870137,1,207247257,-0,5973587632,-1,681705475,2,154626821
1,723905537,1,271946311,-0,5914576054,-1,680844307,2,189270906
1,72891042,-0,207061246,-0,6100484729,-1,114530563,1,287327416
1,733915303,0,7256646156,-0,6612061262,2,061375618,2,283210922
1,738920186,-0,8912286758,-0,7370122075,3,359106064,3,552614403
1,743955586,-1,158244848,-0,3327013254,3,598054886,3,794498684
1,748960469,-1,215971112,-0,3273848295,3,596955299,3,811017449
1,753965352,-0,7813907862,-0,6683009863,0,5098371506,1,147663578
1,758970235,-0,5107010007,-0,416844964,0,5621614456,0,8663721643
1,764005635,0,5886103511,-0,6852065325,-0,6183719635,1,094693575
1,769010518,0,4662116766,-0,4524436593,-3,510536194,3,570143269
1,774015401,0,5032251477,-0,4390594661,-4,154687881,4,208020931
1,779050801,0,8088802695,-0,1863052547,-2,631886482,2,759678132
1,784055684,1,114119053,-0,4128844142,-0,9530248642,1,523151731
1,789060567,-0,7990689278,-1,029104233,0,3743638992,1,355623474
1,794065449,-0,7431460023,-1,03573525,0,375535965,1,328924659
1,79910085,-0,7121275067,-0,7006384134,3,752213478,3,882927473
1,804105733,-0,7267843485,-0,7048017979,3,751749039,3,88594672
1,809110615,-1,117213249,-0,3427264094,2,247065544,2,532771288
1,814146016,-0,4932870567,-0,5052933097,-0,3017444611,0,7679213299
1,819150899,-0,5677536726,-0,5047153234,-0,3025856018,0,8177040032
1,824155781,0,1415262371,0,1784903556,-0,4921617508,0,5423206356
1,829160664,0,6254264116,-1,113065839,-1,354012489,1,86102756
1,834196065,0,5079877973,-0,2332386822,-4,217735291,4,254614303
1,839200947,0,4506939352,-0,3230054677,-4,588802338,4,622181785
1,84420583,0,7298110127,0,04358550906,-2,836019516,2,928742137
1,849241231,1,060492516,-1,032504082,-0,9106359482,1,737805192
1,854246113,-0,7456330061,-0,3137284517,0,646774292,1,035717677
1,859250996,-0,690392971,-0,3102946281,0,6480350494,0,9964309489
1,864255879,-0,414364785,-0,3179062009,3,394589424,3,434530519
1,86929128,-0,5051088333,-0,4043940306,3,695975304,3,752186417
1,874296162,-1,264163852,-0,3232771754,1,94469738,2,341893737
1,879301045,-1,307944059,-0,6445550323,-0,2135190964,1,473688996
1,884305928,-1,797203779,-0,6751537323,-0,9393014908,2,137302336
1,889341328,-0,05220068246,-0,0637190491,-0,2188749313,0,2338616344
1,894346211,0,8455883265,-0,9717431068,-0,4579811096,1,367132393
1,899351094,0,8519320488,-0,9660138488,-0,4578847885,1,366978219
1,904355977,0,6168015003,-0,6960548759,-4,451259613,4,547378214
1,909391377,0,3946436346,-0,08350981772,-2,653042793,2,68353378
1,91439626,0,4611701071,-0,08009661734,-2,652294159,2,69328009
1,919401143,1,013200521,-0,2415386885,-0,6373157501,1,221100979
1,924406026,-0,1880254447,-0,7024976611,1,286664009,1,477958323
1,929441426,0,5389896631,-1,086684465,3,30810833,3,523488854
1,934446309,-0,9964011312,-0,60079813,4,279664993,4,435009139
1,939451192,-1,049284697,-0,5977156162,4,278412819,4,445568421
1,944486592,-0,6446154714,-0,538698256,-0,001234054565,0,8400752584
1,949491475,-0,7282316089,-0,5339593887,-0,001957893372,0,9030159125
1,954496358,-0,404805541,0,1218728125,0,6396112442,0,7666961929
1,95950124,-0,4374156296,0,1232923418,0,6397190094,0,7847125879
1,964536641,0,2239159197,-1,214941263,-1,64692688,2,05878332
1,969541524,0,6430193186,-0,1278186589,-4,113051414,4,164973396
1,974546406,0,8197410703,-0,556470871,-3,619973183,3,753110856
1,979551289,1,23684299,-0,2565032244,-1,419347763,1,900032252
1,98458669,1,312379241,-0,2614670992,-1,418478966,1,950073561
1,989591572,-0,6130403876,-0,02385243773,1,111124039,1,269245479
1,994596455,-0,05387079716,-1,20540905,5,347193718,5,481641515
1,999631856,-0,8867666721,-0,3874048889,5,11978054,5,210430929
2,004636738,-0,6933025718,-0,2205049694,2,568832397,2,669867185
2,009641621,-1,294739246,-0,6192340851,0,1326408386,1,441316815
2,014646504,-0,7467119694,-0,3545636535,-0,7997121811,1,150145087
2,019681905,-1,891975999,-0,7163499594,0,3034353256,2,045679213
2,024686787,-0,3429543078,-0,1755014807,-0,3547649384,0,523714224
2,02969167,0,6336516738,-0,7848933339,-2,399372101,2,6027982
2,034696553,0,5135419965,-0,110402599,-4,130606651,4,163871447
2,039731953,0,8900049925,-0,7056665421,-3,26650238,3,45833948
2,044736836,1,420517921,-0,08096131682,-1,624005318,2,159124631
2,049741719,1,55007565,-0,294069171,-0,4575424194,1,642728299
2,054746602,1,61896944,-0,2923719287,-0,4565858841,1,707341226
2,059782002,-0,5221331716,0,2096783966,0,1335992813,0,5783051502
2,064786885,-0,470436275,-1,421655655,4,434098244,4,680132725
2,069791768,-0,4881369472,-1,412956953,4,433839798,4,679066187
2,074827168,-1,218300462,-0,4895198941,2,63755703,2,94628458
2,079832051,-1,290125489,-0,4771716893,2,63677597,2,974004727
2,084836934,-0,9163729548,-0,4942234755,-1,306658745,1,670734363
2,089841817,-1,507756233,-0,8392159939,-0,02790737152,1,725801601
2,094877217,-1,542581797,-0,8287415504,-0,02744197845,1,751320707
2,0998821,0,2665804327,0,05802893639,-0,5969781876,0,6563653258
2,104886983,0,9512882829,-0,8695236444,-3,42663765,3,660992536
2,109922383,1,462591171,0,08987179399,-1,820058823,2,336635186
2,114927266,1,66516304,-0,2903727889,-0,9125289917,1,920883512
2,119932149,1,054832101,-0,6596643329,-1,287715912,1,790541835
2,124937031,1,122745872,-0,6567379236,-1,286665916,1,829582513
2,129972432,1,098033428,-0,3769111633,0,07939720154,1,163633684
2,134977315,0,005006462336,-0,7307902575,4,066584587,4,131729622
2,139982197,-0,00588580966,-0,728025198,4,066376686,4,131037967
2,14498708,-1,173440933,-0,4588101208,3,732542992,3,93946031
2,150022481,-0,7253625989,-0,06457650661,1,341519356,1,526432182
2,155027363,-1,394308805,-0,6874240637,-0,05981349945,1,555707731
2,160032246,-1,474207878,-0,6909102201,-0,05994510651,1,629183604
2,165037129,-0,5066879988,-0,0356747508,-1,149173737,1,256425761
2,17007253,-0,5686534643,-0,890152216,-0,9336929321,1,40979439
2,175077412,0,3673691154,-0,2963589132,-3,002648354,3,039520654
2,180082295,0,624750495,-0,4104242325,-2,751882553,2,851599344
2,185117696,1,667050481,-0,1270836592,-0,8150615692,1,859981969
2,190122578,1,738828182,-0,139274776,-0,8149452209,1,925371814
2,195127461,0,7337657809,-0,785598278,-0,4743385315,1,174978263
2,200132344,0,3343999982,-0,2940723896,0,8073711395,0,9220358377
2,205167744,-1,34274888,-0,1457369328,3,28610611,3,552844941
2,210172627,-0,4836212695,-1,304785967,4,15994072,4,386509175
2,21517751,-0,8920508027,-0,04638107121,3,986291885,4,085147345
2,220182393,-1,458723545,-0,8625907898,1,921268463,2,561876219
2,225217793,-1,254972577,-0,2322585732,-0,641248703,1,428320732
2,230222676,-1,773579836,-0,1612875015,-2,223786354,2,849004184
2,235227559,-0,2781546712,-0,4407884479,-2,694882393,2,744823417
2,240262959,0,0907562077,-0,49379614,-1,954497337,2,017952219
2,245267842,0,09601420164,-0,4905275106,-1,954482079,2,017383494
2,250272725,1,207918167,-0,3889598548,-3,47988224,3,70404326
2,255277608,1,258244753,-0,384530127,-3,480084419,3,720487984
2,260313008,1,593307734,-0,7259868383,-3,166509628,3,618351786
2,265317891,2,362859726,-0,3820286095,-0,7216930389,2,499978557
2,270322774,1,77972579,0,1491388083,-0,06468677521,1,78713476
2,275358174,1,197024465,-0,8816898465,0,4632730484,1,557198276
2,280363057,-1,030396461,-1,176424742,3,732774734,4,047134697
2,28536794,-1,02671957,-1,168092012,3,733105659,4,044090737
2,290372822,-0,6339292526,-0,3884486556,2,216937065,2,33828326
2,295377705,-2,983009815,-0,7496380806,3,176208496,4,421380465
2,300413106,-3,056434631,-0,7402912974,3,17549324,4,469181265
2,305417988,-1,632408023,-0,4174975455,-0,9499378204,1,934280749
2,310422871,-1,68703413,-0,4108968675,-0,9497098923,1,979108201
2,315458272,-0,4051334262,-0,3437798917,-1,81842804,1,89446516
2,320463155,0,5508799553,-0,5817271471,-2,390506744,2,521189738
2,325468037,0,5706198812,-0,5810340643,-2,390597343,2,525502582
2,33047292,0,776899159,-0,1041819453,-2,522449493,2,641434767
2,335508321,1,587125182,-0,687138319,-0,980547905,1,988114586
2,340513203,1,833448529,0,1520813406,-0,2165517807,1,852446198
2,345518086,1,989344835,-0,6554238796,-0,9291915894,2,291390483
2,350522969,0,6309852004,-0,9940110445,2,40925312,2,681548224
2,355558369,0,6774171591,-0,9994863272,2,410263062,2,695780954
2,360563252,-0,5832188129,-0,4672810733,2,990239143,3,082211206
2,365568135,-0,6033487916,-0,4687712491,2,98960495,3,08569506
2,370603535,-0,7270216942,-0,5871348977,1,479793549,1,750164815
2,375608418,-1,107099295,-0,344391942,3,008388519,3,224077564
2,380613301,-0,9926699996,-0,0721771419,-0,05468940735,0,9967919538
2,385618184,-1,057395577,-0,07205280662,-0,05495643616,1,061271513
2,390653584,-0,5740306973,-0,470071584,-2,540076256,2,646217285
2,395658467,0,2539945841,-0,3298312724,-2,456170082,2,491199187
2,40066335,0,2479424477,-0,317576766,-2,868041039,2,896202662
2,40569875,1,112797022,-0,08449700475,-2,087882996,2,367427371
2,410703633,1,161194324,-0,0879124999,-2,08791256,2,39070695
2,415708516,1,978977919,-0,4227152169,-1,168314934,2,336664619
2,420713399,1,210290551,-0,3046676219,-0,7103891373,1,436063475
2,425748799,0,4481048882,-0,5025005341,1,167918205,1,348086686
2,430753682,0,4947353601,-0,501388371,1,169081688,1,364882914
2,435758565,-0,1809318066,0,5116003752,1,346790314,1,45200393
2,440763447,-1,330510616,-1,432679892,2,242645264,2,975279474
2,445798848,-0,3161143661,-0,2159945369,1,540128708,1,587002952
2,450803731,-0,8969221115,-0,4223429263,3,241518021,3,389731833
2,455808613,-1,881466866,-0,579036355,1,504930496,2,477905661
2,460813496,-1,017287374,0,08168277144,-2,572764397,2,76779015
2,465848897,-1,063483715,0,08937782049,-2,572740555,2,785315057
2,47085378,-0,5819550753,-0,4747950435,-0,9708013535,1,227418963
2,475858662,-0,5769217014,-0,4726036787,-0,9707212448,1,224129332
2,480863545,0,07500931621,-0,4951253533,-2,811646461,2,85589414
2,485898946,0,1111445501,-0,4947874844,-2,811429977,2,856800008
2,490903828,0,8079755902,0,01036423445,-0,2683744431,0,8514439579
2,495908711,1,836405754,-0,6343388557,1,741034508,2,608825988
2,500913594,0,6013439298,-0,1657088697,0,7481775284,0,9740860154
2,505948994,1,335791111,-0,5028482676,0,1573410034,1,435949325
2,510953877,-0,02814355493,-0,01117813587,1,323563576,1,323909948
2,51595876,0,288421452,-1,080902338,3,162864685,3,354884471
2,52099416,-0,4257192314,0,2344883382,0,2036571503,0,5269704732
2,525999043,-0,6882420778,-1,104989767,0,9238529205,1,596303155
2,531003926,-0,7225878239,-1,108459711,0,9227819443,1,613177799
2,536008809,-1,08585,-0,7093417645,2,844218254,3,125989993
2,541044209,-1,12325263,-0,7128748894,2,843361855,3,13920272
2,546049092,-0,7460962534,-0,5095953941,-1,119719505,1,438790762
2,551053975,-1,031975865,-0,5329205394,-1,546347618,1,933951769
2,556089375,-0,8242533207,-0,3017449081,-0,4524717331,0,9875090863
2,561094258,0,5642491579,0,3104914129,-1,245336533,1,402014661
2,566099141,0,01597872376,-0,4878562391,-2,406370163,2,455377036
2,571134541,0,8531441689,-0,626725018,-1,096831322,1,524361561
2,576139424,0,873319447,-0,6307673454,-1,096744537,1,537336294
2,581144307,1,8661443,-0,8875534534,0,3616228104,2,097860037
2,58614919,1,134551644,0,05911484361,-0,810921669,1,395813724
2,59118459,1,045760393,-0,5909327269,-0,1641397476,1,212335822
2,596189473,0,01586994529,-0,3722436726,-0,02216148376,0,3732403225
2,601194356,-0,303044796,-0,2284942865,0,03368759155,0,381025775
2,606199238,-0,2853420377,-0,2211637199,0,03436279297,0,3626489639
2,611234639,-1,198813915,-0,9068517089,0,4275836945,1,562806015
2,616239522,-1,208564281,-0,8950935006,0,4276847839,1,563564604
2,621244405,-1,682007313,-0,4431246817,1,088370323,2,051842597
2,626249287,-0,39790079,-0,1794157028,0,8914813995,0,992599677
2,631284688,-1,567647815,-0,3186047673,0,7095804214,1,750009441
2,636289571,-1,439575434,-1,06740129,0,115811348,1,795866145
2,641294453,-1,470790744,-1,055873036,0,1159009933,1,81425641
2,646299336,-0,6142437458,-0,2049298286,-1,392209053,1,535427517
2,651334737,-0,6238527298,-0,1946487725,-1,391860962,1,537646679
2,656339619,-0,1290996075,-0,7820265293,-0,3764181137,0,8774524474
2,661344502,0,4919229746,0,01226690412,-0,5174980164,0,7141028545
2,666349385,2,048012733,-0,260886848,0,3326387405,2,091187853
2,671384785,0,7373125553,0,02359589934,-1,349974632,1,538381643
2,676389668,1,001063466,-0,2634726763,0,5321235657,1,163916407
2,681394551,1,312963724,-0,9791641831,2,155852318,2,707459225
2,686399434,1,431051612,0,366625011,0,7696876526,1,665755593
2,691434834,1,462480783,0,3609344959,0,7701969147,1,691841316
2,696439717,-0,2668655217,0,397716403,-0,8142557144,0,9446734422
2,7014446,-0,2525576949,0,3901717663,-0,8141489029,0,937474177
2,70648,-0,6344988346,-0,7071421146,0,7845993042,1,232166713
2,711484883,-1,773214817,-0,3968067467,2,854803085,3,384028226
2,716489766,-1,808434606,-0,4052708149,2,853601456,3,402605094
2,721494649,-1,649906158,-0,4273533523,-0,3293218613,1,735878483
2,726530049,-1,697131872,-0,4353705645,-0,3303813934,1,782962699
2,731534932,-1,057977676,-0,4337185621,-0,1421890259,1,152235338
2,736539815,-1,085017323,-0,4425735772,-0,1427173615,1,180466945
2,741575215,0,2584946454,-0,5366675854,-1,730481148,1,830135673
2,746580098,0,2553131878,-0,5448691845,-1,730760574,1,832375348
2,751584981,0,05581045523,0,09952384233,-2,283747673,2,286596431
2,756589863,1,647928953,-0,2513376176,-0,9455871582,1,91650085
2,761625264,1,633102059,-0,2033591568,-0,2606534958,1,666228534
2,766630147,1,553071141,-0,4107030928,-1,067396164,1,928740929
2,77163503,1,50863111,-0,661026597,-1,256261826,2,071501331
2,77667043,1,367891908,0,1404080689,-0,01048851013,1,375119161
2,781675313,0,6609172821,-0,4033683538,0,4499359131,0,8955221988
2,786680196,-0,01574678719,0,2771466076,-0,3846712112,0,4743734227
2,791685078,0,01071491838,0,2877856195,-0,3836326599,0,4796971857
2,796720479,-0,5692768097,0,5681140423,-1,129909515,1,386912097
2,801725362,-0,5629235506,0,5836020708,-1,129197121,1,390165615
2,806730244,-0,6252394915,-1,437500238,1,411128998,2,109174342
2,811735127,-1,236359954,-0,5670064688,2,670520782,2,996959046
2,816770528,-1,26956284,-0,5512764454,2,670293808,3,00768425
2,82177541,-0,6060647964,0,1788184941,-0,9764900208,1,163109347
2,826780293,-0,8255417347,-0,7628315687,0,5963945389,1,272445521
2,831785176,-0,8540938497,-0,7518593073,0,5964870453,1,284743366
2,836820576,-1,194192529,-0,3970923722,0,6660871506,1,423885613
2,841825459,0,5922785997,-0,03031605482,-1,498194695,1,611303927
2,846830342,0,5071495771,-0,6966273785,-0,3295440674,0,922545224
2,851835225,1,144070029,0,2820026278,0,1038579941,1,182881311
2,856870625,1,963738322,-0,5141419768,1,09754467,2,307642623
2,861875508,-0,08527494967,-0,1395889521,-1,244013786,1,254721958
2,866880391,-0,05682243407,-0,1461417377,-1,243805885,1,253650381
2,871915791,0,6175243258,0,1995346546,0,5018053055,0,8203407438
2,876920674,0,6376621723,0,1890705228,0,50182724,0,8331814253
2,881925557,1,147689581,-0,6614015698,1,102737427,1,723564111
2,88693044,-0,2733234763,-0,6688802242,0,7936925888,1,073337972
2,89196584,-0,06027323008,0,1193875372,0,1616697311,0,2098174165
2,896970723,-0,3533578217,-0,7682207227,0,6905641556,1,091743414
2,901975606,-0,7077127099,-0,4775285423,0,941362381,1,270847717
2,906980488,-0,7219064236,-0,4870811105,0,9406385422,1,281872755
2,912015889,-0,7203890085,-0,08095416427,-0,09704303741,0,7313899448
2,917020772,-0,7530452609,-0,0871180594,-0,09799003601,0,7643747565
2,922025655,-1,44809103,-0,3509604633,0,5213785172,1,578599517
2,927061055,-1,497120023,-0,168219775,0,006008148193,1,506553137
2,932065938,-1,21433413,-0,1909960508,-1,162879944,1,692151481
2,937070821,-0,04793788493,-0,2920960188,-0,05932617188,0,3018902444
2,942075703,-0,0508165732,-0,1670630574,-1,613242149,1,622665283
2,947111104,0,5609366894,0,04326692224,-1,845270157,1,929130361
2,952115987,1,167306066,-0,1183148623,-0,7200756073,1,376630211
2,957120869,1,498394728,-0,266283989,0,3504343033,1,561697193
2,96215627,1,058584929,-0,3153220117,-0,393611908,1,172587036
2,967161153,0,3827419281,-0,04198393226,-1,475299835,1,52471756
2,972166035,0,4031824172,-0,0321008265,-1,474647522,1,529108184
2,977170918,0,9519160986,-0,09737497568,0,2737588882,0,9952738686
2,982206319,1,134650111,-0,7397543192,0,1073198318,1,358743859
2,987211201,0,1293959022,-0,3528553843,-0,3489093781,0,5128235329
2,992216084,0,06701251864,-0,2027072012,0,3702945709,0,4274329846
2,997220967,-0,1886967719,-0,4714007676,0,8597955704,0,998535717
3,002256367,-0,187916249,-0,4235278964,0,5901794434,0,7503333733
3,00726125,-0,1870552897,-0,4111135304,0,5907258987,0,7436135446
3,012266133,-1,053426981,-0,5744912028,1,222869873,1,713230654
3,017271016,-1,026071072,-0,2496180832,2,031746864,2,289787403
3,022306416,-1,664748907,0,02210611105,1,198165894,2,051214058
3,027311299,-1,812895775,0,1444613338,-0,3801488876,1,857948693
3,032316182,-1,842965484,0,1481369436,-0,38052845,1,887662107
3,037321065,-0,1802363843,-0,05256921053,-0,1727495193,0,2551295211
3,042356465,-0,1919441372,-0,05483850837,-0,1730165482,0,2641676357
3,047361348,0,04341389239,-0,3662365079,-1,207602501,1,262662958
3,052366231,-0,3339101076,-0,3248769045,-0,5828933716,0,7461941072
3,057401631,1,040885091,-0,01057726145,0,1208314896,1,047928385
3,062406514,1,34155035,0,1933458149,0,3693294525,1,404828883
3,067411397,1,008913159,-0,9258716106,0,8789987564,1,627200915
3,07241628,1,197778463,-0,05218693614,-0,1269493103,1,205617207
3,07745168,0,4898627996,-0,2536891699,-0,2683162689,0,6134471269
3,082456563,0,8721179962,-0,390242666,0,3848342896,1,030037168
3,087461446,0,8879791498,-0,403087467,0,3846673965,1,048310776
3,092496846,0,7740290761,-0,1621762216,-0,1780090332,0,8106228182
3,097501729,0,326048255,-0,5783149004,-0,1275730133,0,6760402816
3,102506612,0,3495289683,-0,585750401,-0,1272296906,0,6938742149
3,107511494,-0,1856445968,-0,1848730147,0,04329013824,0,2655484588
3,112546895,0,03551819921,-0,004967451096,-0,5550775528,0,5562349393
3,117551778,0,03750365973,-0,002153605223,-0,5549240112,0,5561940495
3,12255666,-0,6853841543,-0,8307970762,0,5223178864,1,196992563
3,127561543,-1,106709242,-0,440344125,1,285647392,1,752597362
3,132596944,-0,6105937958,-0,05331876874,-0,567779541,0,8354886485
3,137601826,-0,8731042743,-0,4063403606,-0,3692817688,1,031403213
3,142606709,-0,9002205133,-0,3962533474,-0,3694267273,1,050661599
3,147611592,-0,9694667459,-0,5907244682,-0,2926425934,1,172374026
3,152646992,-0,9831197858,-0,5806571245,-0,2924528122,1,178650015
3,157651875,-0,05218957365,0,2320453823,-0,6945991516,0,7341912506
3,162656758,0,02275396883,0,05656242371,-1,01975441,1,021575307
3,167661641,0,02702510357,0,06435635686,-1,019364357,1,021751334
3,172697041,0,6242010593,0,02138447762,-0,1594600677,0,6446020257
3,177701924,-0,2116784751,-0,1450847983,-0,5803918839,0,6345960246
3,182706807,0,9165130854,0,02275937796,0,2578392029,0,9523629977
3,18771169,1,120583773,-0,4526788294,1,050820351,1,601514759
3,19274709,0,2785107195,-0,2057696283,-0,4739427567,0,5869677141
3,197751973,0,9430305958,-0,3695537448,-0,1050329208,1,018287086
3,202756856,0,9581713676,-0,370293498,-0,1047458649,1,032560575
3,207761738,0,3944396079,-0,05514454842,0,1232595444,0,4169129894
3,212797139,0,5439355969,-0,1744476855,-0,3791065216,0,6855798154
3,217802022,0,05191710591,-0,2730044723,-0,101017952,0,2956881032
3,222806905,-0,1859331429,-0,4414631128,0,5938882828,0,7629967929
3,227811787,-0,1423631012,-0,3173453212,0,5965442657,0,690536289
3,232847188,-0,1387070119,-0,3192204833,0,5965776443,0,6906853393
3,237852071,-0,760800004,0,05791127682,1,443731308,1,632951454
3,242856953,-0,7786734104,0,05545085669,1,44307518,1,640692858
3,247892354,-1,143229127,0,1193328202,-0,07582187653,1,151938417
3,252897237,-1,174984097,0,117099762,-0,07671833038,1,183294421
3,257902119,-0,8592157364,0,08661904931,0,259894371,0,9018312622
3,26293752,-0,7018266916,-0,09258282185,-1,064653397,1,278522248
3,267942403,-0,7212303281,-0,0971390903,-1,065171242,1,290038357
3,272947285,0,3106282353,-0,236415565,0,2702264786,0,4747679114
3,277982686,0,7181279659,-0,1588561833,0,8253660202,1,105518941
3,282987569,0,2848774791,0,1335811913,-1,288746834,1,326599983
3,287992451,-0,1127784848,-0,1515583992,-1,844408035,1,854057695
3,293027852,-0,1075927615,-0,1564327478,-1,844525337,1,85427105
3,298032735,0,3624144793,-0,2521916032,-0,07777690887,0,4483236633
3,303037617,0,7443515062,0,008005827665,0,7601137161,1,063906067
3,3080425,0,4291933477,-0,3306242824,-0,1447877884,0,5607877044
3,313077901,0,4363868237,-0,3312155306,-0,1446866989,0,5666316515
3,318082783,0,4466169178,-0,3305995762,-0,1444787979,0,5741401172
3,323087666,0,3190867305,-0,2307804227,0,1360883713,0,4166485208
3,328092549,0,9431379437,-0,3645213544,0,2487649918,1,041282392
3,333097432,0,6273603439,-0,1362677813,-0,5886716843,0,8710248339
3,338132832,0,1423790902,-0,5220640302,-0,1643447876,0,5655367947
3,343137715,0,1633328497,-0,5168836117,-0,1636075974,0,5662276342
3,348142598,0,01874926686,-0,2911540568,-0,1173067093,0,3144568076
3,353147481,-0,1721770763,-0,5690481663,0,2615661621,0,6495210684
3,358152363,-0,1693750918,-0,5617393255,0,2619514465,0,6425399224
3,363187764,-0,5379793644,-0,2673459649,2,149027824,2,23141575
3,368192647,-1,113817692,-0,7024606466,1,073936462,1,699229336
3,37319753,-1,13867712,-0,6957441568,1,073547363,1,712643996
3,37823293,-0,7177513242,-0,06739410758,-0,2795467377,0,7732110369
3,383237813,-1,170392513,-0,321867913,1,158941269,1,678261736
3,388242696,-1,191062927,-0,3200781345,1,158620834,1,692182953
3,393278096,-0,63772434,-0,04192304611,-0,1227445602,0,650781148
3,398282979,0,1644174904,-0,255523026,0,03024864197,0,3053524329
3,403287862,0,2788762152,0,04967299104,1,162455559,1,196470758
3,408323262,0,4918861985,-0,1754207313,0,5371789932,0,7491900533
3,413328145,0,1776600033,-0,08080995083,-1,526981354,1,539404229
3,418333028,0,1769303679,-0,0877622366,-1,527290344,1,54000726
3,423368428,0,1007792577,-0,430567205,0,7111711502,0,8374419273
3,428373311,0,1103281379,-0,4392699003,0,710931778,0,8429438512
3,433378194,0,4362440109,-0,1795201004,-0,4314289093,0,6392708403
3,438383076,0,4387851357,-0,1865150034,-0,4316720963,0,6431648626
3,443418477,0,5939666629,-0,6392576694,0,1930570602,0,8937101281
3,44842336,0,4606107175,-0,3230879009,0,06594371796,0,5664773594
3,453428242,0,5367141962,-0,1996406317,-0,7579717636,0,9499682651
3,458433125,0,7846342921,-0,5560356379,-0,2549438477,0,9948984714
3,463468526,0,7941934466,-0,5595630407,-0,254907608,1,00440625
3,468473408,0,8770278692,-0,2140544653,-0,3672761917,0,9746224903
3,473478291,0,4842312038,-0,3681015074,-0,6688165665,0,9040432391
3,478483174,-0,07245208323,-0,2713796198,-0,3281526566,0,4319494975
3,483518574,-0,3943833709,-0,5962902308,0,09858417511,0,7216779906
3,488523457,-0,3809070587,-0,5924184918,0,09907817841,0,7112428153
3,49352834,-0,1481263936,-0,6787788868,0,4178009033,0,8107032752
3,498533223,-0,2242379487,-0,2405772209,1,313387871,1,35393787
3,503568623,-1,021078348,-0,7247341275,1,10532093,1,670202056
3,508573506,-0,5441225767,-0,1220716238,0,09000587463,0,5648645123
3,513578389,-0,4785235524,-0,1088805795,-0,307595253,0,5791844356
3,518583272,-1,057907462,-0,3860997558,0,2094135284,1,145467261
3,523618672,-0,4710488915,-0,3004688919,0,4126472473,0,6945835903
3,528623555,-0,0847530514,0,01495420933,-0,3582115173,0,3684049392
3,533628438,-0,8372088671,-0,09943944216,-0,6481103897,1,063416178
3,538633321,-0,09234914184,-0,3422576487,0,02470207214,0,3553573616
3,543668721,-0,09929285198,-0,3434059322,0,02456474304,0,3583156867
3,548673604,0,2268029749,-0,08714348078,0,2352514267,0,3381964066
3,553678487,-0,1969246566,-0,3273887336,-0,4090061188,0,559686259
3,558713887,-0,1981493235,-0,3317785859,-0,4092082977,0,5628424428
3,56371877,0,1502360404,-0,03848534822,-0,08393478394,0,1763435221
3,568723653,0,03100397438,0,09940591455,0,1146907806,0,1549088682
3,573728535,-0,230188787,-0,390432179,0,2126550674,0,5006459245
3,578763936,0,1000933126,-0,1808526814,-0,07506752014,0,2199124739
3,583768819,0,8663511276,-0,2490902543,0,5855922699,1,074955133
3,588773701,0,578065455,-0,467395395,0,1760854721,0,7639530215
3,593809102,0,3891592622,-0,1250084341,-1,042818069,1,120063197
3,598813985,0,8175978065,-0,3848550618,-0,5185461044,1,04185875
3,603818867,0,4680552781,-0,3948337436,0,1399803162,0,6281432299
3,60882375,0,7980564237,-0,3440524042,-0,1305828094,0,8788162392
3,613859151,0,2731542587,0,1356336176,-1,243735313,1,280580828
3,618864033,0,2896579504,0,1372579336,-1,243368149,1,284019401
3,623868916,-0,3734776974,-0,121648401,-0,2969236374,0,492389653
3,628904317,0,3361518383,-0,2015675902,0,8574075699,0,9427487962
3,633909199,-0,3383267522,-0,3755795658,-0,1477003098,0,5266311641
3,638914082,-0,0521800518,-0,5136039257,0,2358932495,0,5675890903
3,643918965,-0,05759999156,-0,5054063201,0,2360935211,0,5607971631
3,648954365,-0,6578463316,-0,4675290585,1,517082214,1,718395665
3,653959248,-0,9426341653,-0,4838863015,-0,4052581787,1,134433477
3,658964131,-0,5803716779,0,05468949676,-0,735830307,0,9387590033
3,663969014,-0,4729258418,-0,3408735096,0,6075897217,0,8420325833
3,669004414,-0,9157544374,-0,05334070325,0,1384363174,0,9276939335
3,674009297,-0,3522645533,-0,2258988619,-0,17050457,0,4518765536
3,67901418,0,1502339095,-0,01048633456,0,4712715149,0,4947494634
3,684019063,-0,8581248522,-0,3419132531,-0,009910583496,0,9237863142
3,689054463,-0,2547639608,0,121666491,-0,1465101242,0,3180764488
3,694059346,-0,05047392845,-0,2681120038,0,6340827942,0,6902844732
3,699064229,-0,0596671775,-0,2698891759,0,6339025497,0,6915437672
3,704069112,-0,05489692837,0,04992541671,-0,1949100494,0,2085572999
3,709104512,-0,05952423066,0,04611599445,-0,1951284409,0,2091528805
3,714109395,-0,3694422841,-0,3684204221,0,005839347839,0,5217808991
3,719114278,0,494982779,0,1497203112,-0,1357631683,0,5346548054
3,72411916,0,3933374584,-0,4355507791,-0,2578878403,0,6410343013
3,729154561,0,5824192762,-0,4241857231,0,2611255646,0,7663760836
3,734159444,0,5802125335,-0,4297980666,0,2608623505,0,76773832
3,739164326,0,5102561712,-0,2459941804,-0,02894687653,0,5671969841
3,744199727,0,7989348173,-0,5114601851,-0,2447443008,0,9796877748
3,74920461,0,5881308317,-0,3188326061,-0,3931159973,0,7759460634
3,754209492,0,06438979506,-0,4125793576,-0,3883647919,0,5702586988
3,759214375,0,5006232858,0,03237015009,-0,6662693024,0,8340181558
3,764249776,0,5135240555,0,03149959445,-0,6661596298,0,8417053121
3,769254658,0,5651262999,-0,1403957903,-0,3066358566,0,6581065729
3,774259541,0,3635531068,-0,2761387229,-0,1102647781,0,4696613429
3,779264424,-0,08102920651,-0,05414974689,-0,3205080032,0,3349974739
3,784299824,0,4088274539,-0,2398698032,0,01725196838,0,4743153381
3,789304707,-0,1542369574,-0,2878844142,0,04875183105,0,3302169227
3,79430959,-0,0905598551,-0,4094226658,0,8247690201,0,9252415593
3,79934499,-0,08326369524,-0,4034967721,0,8251647949,0,9223011584
3,804349873,0,03486980498,0,05764991045,-0,5679044724,0,5718871438
3,809354756,-0,09701101482,-0,8133555651,1,084469795,1,359055977
3,814359639,-0,09582449496,-0,8066622615,1,084794044,1,355235941
3,819395039,-0,3926353455,-0,09920626879,-0,1624641418,0,4363473337
3,824399922,-0,7193676233,-0,2420622706,-0,9450836182,1,212133229
3,829404805,-0,7302196026,-0,2372094095,-0,9450569153,1,217629478
3,834440205,-0,5376905799,0,1051822305,1,451436996,1,551400598
3,839445088,-0,5461485982,0,1071712673,1,45139122,1,554445382
3,844449971,-0,3096463084,0,1813786924,-0,7633333206,0,8434790008
3,849454854,-0,3274508715,0,1800712049,-0,7636365891,0,8501708959
3,854490254,-0,2507361472,-0,1777477562,0,4377593994,0,5348795866
3,859495137,-0,4115057588,-0,122961551,-0,4579315186,0,6278198852
3,86450002,-0,4150422812,-0,1292802989,-0,4582595825,0,6316449444
3,869504903,0,4212250113,-0,105725646,0,5157766342,0,6742654958
3,874540303,0,7433042526,0,08152538538,0,3452568054,0,8236199743
3,879545186,0,1803407818,-0,2624005377,-0,2441806793,0,4012493538
3,884550069,0,6082402468,-0,1705621481,-0,08649349213,0,6375960856
3,889554951,0,6059806943,-0,1788727939,-0,08686065674,0,6377717867
3,894590352,0,1608044803,-0,459975183,0,4946489334,0,6943434433
3,899595235,0,2125623673,-0,1603480279,-0,743563652,0,7897981734
3,904600117,0,1929710507,-0,4244202673,-0,6048336029,0,7636714457
3,909605,0,1929438412,-0,4283283055,-0,6049871445,0,7659646912
3,914640401,0,3444060087,-0,1197496057,0,235452652,0,4340431064
3,919645283,0,3397720456,-0,1199503839,0,2354078293,0,4304067654
3,924650166,0,4804683328,-0,3482759297,-0,3248472214,0,6765143452
3,929685567,0,4904162586,0,05910810828,-0,6289968491,0,7997742877
3,934690449,0,439570874,-0,496255368,-0,4203519821,0,7849762623
3,939695332,0,449783057,-0,4904454052,-0,4200372696,0,7869388805
3,944700215,0,3410765231,-0,2316662371,-0,2974643707,0,5084166518
3,949735615,0,5881915689,-0,4220636785,0,6630887985,0,9817300164
3,954740498,0,9537713528,-0,1333310604,-0,1409912109,0,9733116082
3,959745381,0,5821676254,-0,4803373814,-0,7341899872,1,052937834
3,964750264,0,5948844552,-0,4702058733,-0,7335510254,1,055025206
3,969785664,-0,0849532932,0,2069556117,-0,03363609314,0,2262279249
3,974790547,-0,06851682067,0,2163859904,-0,03290081024,0,2293467132
3,97979543,-0,02083916962,-0,2675409019,0,5568399429,0,6181287303
3,98483083,-0,07071709633,-0,1678290665,0,1529054642,0,2377973596
3,989835713,0,04164284468,-0,3316096961,0,2584877014,0,4225103654
3,994840596,-0,3812930584,0,04670184851,0,5175437927,0,6445285381
3,999845479,-0,2883896232,-0,5469725132,0,9702615738,1,150545534
4,004880879,-0,2918165326,-0,5416509509,0,9704627991,1,149060784
4,009885762,-0,927108407,-0,1115248799,0,2214212418,0,9596849293
4,014890645,-0,4501091838,0,08682543039,0,1016683578,0,4695459378
4,019926045,-0,7365998626,0,01741945744,0,446267128,0,8614157792
4,024930928,-0,7466032505,0,01648008823,0,4460258484,0,8698431263
4,029935811,-0,4988059402,-0,1439957619,0,3737783432,0,6397283761
4,034940694,-0,7015019655,-0,1317176223,0,548242569,0,9000135855
4,039976094,-0,5791770816,0,03203043342,-0,4913539886,0,7601978576
4,044980977,-0,1664766967,-0,1373763382,-0,3649206161,0,4239738258
4,04998586,-0,5580723286,-0,1521576345,0,3598356247,0,6812329605
4,054990742,0,3626353145,-0,1465482414,1,015413284,1,088138271
4,060026143,-0,01833732426,-0,0936408639,-0,500629425,0,5096417272
4,065031026,0,2978821993,-0,1030333936,-0,8601894379,0,916119836
4,070035908,-0,03594241291,-0,3369381726,0,2311582565,0,4101869437
4,075040791,-0,03968390077,-0,3459891379,0,2307157516,0,4177475955
4,080076192,0,1660009325,-0,1195995212,-0,5240011215,0,5625278041
4,085081074,0,1650445163,-0,1264033914,-0,5243053436,0,5640156053
4,090085957,0,2476027012,-0,2205377519,-0,2610530853,0,422010321
4,09509084,0,2433689237,-0,224206686,-0,2612438202,0,4215986298
4,10012624,0,1879133582,-0,4061240256,0,3057851791,0,5419896033
4,105131123,0,3996346295,-0,203032732,0,2149810791,0,4971388053
4,110136006,0,1849438548,-0,1646922231,-0,7809438705,0,8192686292
4,115140889,-0,04574103653,-0,6382462382,-0,5559549332,0,8476652587
4,120176289,0,8787639141,-0,4991557598,-0,1583681107,1,022967716
4,125181172,0,8767335415,-0,4928524196,-0,1581087112,1,018117663
4,130186055,0,9832570553,-0,3083409369,-0,6174592972,1,201301192
4,135221455,0,3022606075,-0,0305082798,-0,8779296875,0,9290063327
4,140226338,0,3131427169,-0,0228818953,-0,8775119781,0,9319920676
4,145231221,-0,02748527378,-0,2419977188,0,09739398956,0,2623050236
4,150236104,-0,01222231984,-0,2344699502,0,09788894653,0,2543772563
4,155271504,0,1026095822,-0,09580934048,0,1558675766,0,2097685809
4,160276387,0,112617828,-0,0893433094,0,1563005447,0,2123555094
4,16528127,0,267062515,-0,2349691689,0,5947418213,0,6930012491
4,17031667,0,1121356785,-0,06782320142,0,2000102997,0,2391202982
4,175321553,0,1151440144,-0,06420513988,0,2002325058,0,2397363143
4,180326436,0,1741966903,-0,07425686717,0,1117506027,0,2198789814
4,185331319,-0,1527438313,-0,2292301357,-0,07734775543,0,2861115313
4,190366719,-0,1429048032,-0,2297839522,-0,0772228241,0,2813997371
4,195371602,0,1605376154,-0,207953155,0,2747554779,0,380141307
4,200376485,0,09045088291,-0,2299776375,-0,03147983551,0,2491225723
4,205411885,0,2672836185,-0,05652287602,0,262925148,0,3791635553
4,210416768,0,2789105773,-0,06078615785,0,2629547119,0,3881124162
4,215421651,-0,1188564152,-0,108720541,0,3323926926,0,3693668983
4,220426533,0,2642075121,-0,3790097535,0,4568099976,0,6497148425
4,225461934,-0,2982140779,-0,1676959693,0,1358880997,0,3681292573
4,230466817,-0,3003653884,-0,171836555,0,1356430054,0,3716802296
4,235471699,0,3581391871,-0,3405697942,-0,1568832397,0,5185207932
4,240476582,0,3569669724,-0,3435035944,-0,1570463181,0,5196957617
4,245511983,-0,4003936052,-0,2886300683,-0,05886268616,0,4970786369
4,250516865,-0,4551097155,-0,1185672581,-0,20744133,0,5140184366
4,255521748,-0,687925756,-0,0345274508,-0,1237449646,0,6998191244
4,260526631,-0,478344202,-0,1125510931,0,8624486923,0,992622119
4,265562031,-0,4807681143,0,1346306801,-0,02840328217,0,5000701413
4,270566914,-0,3535497189,-0,2061070502,0,4190092087,0,5857014912
4,275571797,-0,361430943,-0,2075484693,0,418794632,0,5908448506
4,28057668,-0,5463898182,0,1718771756,0,2485141754,0,6243740003
4,28561208,-0,5583484769,-0,05157393217,-0,9294309616,1,085474461
4,290616963,-0,02442960441,-0,197784543,0,2149467468,0,2931171012
4,295621846,-0,0304646641,-0,1987153888,0,2148113251,0,2942104806
4,300626729,0,5752715468,-0,2206080556,0,3725347519,0,7199912556
4,305662129,0,475531131,-0,3860583603,0,116437912,0,6234811156
4,310667012,0,3730353713,-0,1684142351,-0,1926755905,0,4523744312
4,315671895,0,1557333022,-0,1878526807,-0,1616048813,0,2926732457
4,320707295,0,1517038196,-0,1882469058,-0,1616754532,0,2908434263
4,325712178,0,1118546128,-0,3130836785,0,2619895935,0,4232864175
4,330717061,-0,02191139758,-0,2486541271,-0,104309082,0,2705353376
4,335721944,-0,02873554826,-0,2490087152,-0,1044063568,0,2715359263
4,340757344,0,145922631,-0,1915547252,0,07279014587,0,2515651651
4,345762227,0,1415981948,-0,1916526258,0,07273864746,0,2491419045
4,35076711,0,06382061541,-0,3944500685,0,6857185364,0,7936459151
4,35580251,-0,02876061946,-0,8044019341,-0,1572237015,0,8201273908
4,360807393,-0,1184826493,-1,033992529,0,510761261,1,159334186
4,365812276,-0,3192038834,0,05062282085,0,2495059967,0,4082977242
4,370817158,0,3860122263,-0,1544977427,-0,9426755905,1,030297171
4,375822041,0,3845375478,-0,1551751196,-0,9427118301,1,029880594
4,380857442,0,9443702698,0,05455684662,0,022149086,0,9462041207
4,385862324,0,2636786103,-0,1398938894,-1,232489586,1,268119588
4,390867207,0,279823631,-0,1398539841,-1,232358932,1,271443644
4,395902608,0,1445483565,-0,2663179636,-0,4994220734,0,5841591328
4,40090749,-0,6048001051,-0,2083472311,0,6308689117,0,8984360409
4,405912373,-0,3110230565,0,04227086902,1,045114517,1,091231654
4,410917256,-0,2262139618,-0,2855668962,0,4105854034,0,5489094481
4,415952656,-0,1542741507,-0,1677719057,0,8774375916,0,9065564809
4,420957539,-0,243216604,-0,08092266321,-0,1232910156,0,2844353501
4,425962422,-0,2519621849,-0,0773127377,-0,1231966019,0,2909288654
4,430997822,0,01438454539,-0,2994965315,-0,8651361465,0,9156230882
4,436002705,0,1718323678,0,06712374091,-0,6496658325,0,6753500227
4,441007588,0,4468697608,-0,3061655462,-0,1322927475,0,5576121374
4,446042988,0,4608273208,-0,3040443361,-0,1320571899,0,5676652881
4,451047871,0,2654896379,-0,1702639759,-0,3231658936,0,451564795
4,456052754,0,1340741366,-0,1376976371,0,6826162338,0,7091554386
4,461057637,0,1437766105,-0,1363713741,0,6828107834,0,710984832
4,466093037,-0,08158703148,0,0006822943687,0,3499221802,0,3593082819
4,47109792,-0,08275981247,0,001818835735,0,3499603271,0,3596174708
4,476102803,-0,2251422256,-0,1169531941,0,357131958,0,4380756862
4,481107686,0,2056398243,-0,2219822109,0,3187847137,0,4395310376
4,486143086,0,2059216201,-0,2218291461,0,3187961578,0,4395939876
4,491147969,0,2196635008,-0,3080704808,-0,5597763062,0,6756544884
4,496152852,0,226015389,-0,3088856339,-0,5597248077,0,6780745913
4,501157735,0,3930026293,-0,2860903144,0,2138805389,0,5310777905
4,506193135,0,2283815145,-0,2323817015,-0,2648057938,0,4198588808
4,511198018,0,08825944364,-0,001974195242,-0,2194833755,0,236572566
4,516202901,-0,06165769696,-0,2568782866,0,5109758377,0,5752255492
4,521207783,0,1343691647,-0,1359392405,0,7506113052,0,774565608
4,526243184,0,002704188228,-0,2373722196,0,4775676727,0,5333139463
4,531248067,-0,2326488942,-0,2063100934,-0,4225568771,0,5246367096
4,536252949,-0,1151978225,-0,0621420145,-0,5543432236,0,5695863216
4,541257832,-0,3076404929,-0,4706834853,0,7507066727,0,9379478261
4,546293233,0,2581318617,-0,1011502147,0,3051681519,0,4122996785
4,551298115,0,3202255964,-0,2246430218,-0,5086994171,0,6417039947
4,556302998,0,3193431497,-0,2234006524,-0,5086574554,0,6407966181
4,561338399,0,1151845306,-0,1218404174,0,181060791,0,2467702848
4,566343281,0,1937786043,-0,08030700684,0,2051439285,0,2933997175
4,571348164,0,4902911782,-0,2542667091,0,0998249054,0,5612503991
4,576383565,0,4917113185,-0,2530778646,0,09991168976,0,561970437
4,581388447,-0,2350194454,-0,3021532297,0,3081684113,0,4914249522
4,58639333,-0,2299106568,-0,3011111915,0,3083286285,0,4884602368
4,591398213,-0,7090944052,-0,1133954227,-0,2038974762,0,7464901728
4,596433613,-0,6079967618,-0,3254271746,0,4115486145,0,8030785581
4,601438496,-0,611191988,-0,3247554898,0,4115104675,0,8052096865
4,606443379,-0,2430467755,-0,07769289613,0,5646791458,0,6196534991
4,61147878,-0,3208103478,-0,1037091017,0,1263685226,0,3600609123
4,616483662,-0,3323498368,-0,1037714779,0,1261396408,0,3703189742
4,621488545,-0,2340270728,-0,03717139363,0,003770828247,0,2369907223
4,626493428,-0,2167621255,0,08332145214,-0,3266706467,0,4008016902
4,631528828,-0,210032329,-0,2197977006,-0,2955694199,0,424011663
4,636533711,-0,2059377581,-0,2215407789,-0,2955799103,0,4229162568
4,641538594,0,3938313127,-0,1231686175,0,06581783295,0,4178583472
4,646543477,0,3952789307,-0,1251320243,0,06575012207,0,4197934434
4,65154836,0,3452188969,-0,421841085,0,4318447113,0,6954249366
4,65658376,0,411390543,-0,2081863284,0,4100885391,0,6170545649
4,661588643,0,05082069337,-0,4229038954,0,335641861,0,5422968803
4,666593526,0,1770208329,-0,4814189672,0,1848344803,0,5452195727
4,671598408,0,09478385746,-0,1327075958,-0,4115924835,0,4427230038
4,676633809,0,08386969566,-0,1335597634,-0,4117937088,0,4409607634
4,681638692,0,3522344828,-0,2444576025,0,3995981216,0,5860949659
4,686643574,0,3286786377,-0,04909697175,-0,1799230576,0,3779053667
4,691678975,0,3586632609,-0,286767751,-0,5677537918,0,7302187658
4,696683858,0,091989398,-0,1981737018,-0,2778987885,0,3535004979
4,70168874,0,3004555106,-0,1719122231,0,5120611191,0,6180889224
4,706693623,0,06732781231,-0,2696892023,0,1578454971,0,319656849
4,711729024,0,07973927259,-0,08235642314,-0,3065795898,0,3273102151
4,716733906,-0,1889326721,-0,2084140778,-0,2301807404,0,3634764857
4,721738789,-0,4088824391,-0,1235803068,0,1962890625,0,4700918392
4,72677419,-0,246497944,-0,1084081531,0,3709058762,0,4583500115
4,731779072,-0,04619574547,-0,1958823502,0,213104248,0,2931166364
4,736783955,-0,05268657207,-0,1947087049,0,2130775452,0,2934099434
4,741788838,-0,1048852205,-0,1575688124,0,1699333191,0,2543740809
4,746824238,-0,1105999947,-0,1563967764,0,169924736,0,2560600055
4,751829121,-0,1598928571,-0,1553643048,-0,1510810852,0,2693126199
4,756834004,0,003898255527,-0,1928199828,-0,191781044,0,2719829241
4,761869405,0,2478265464,-0,1993148923,0,0238571167,0,3189256738
4,766874287,0,4538681209,-0,1771996021,0,1316871643,0,5047152459
4,77187917,0,3487218022,-0,2270189822,0,1436910629,0,4402177134
4,776884053,0,3499644101,-0,2267017365,0,1437196732,0,4410488749
4,781919453,-0,03439900279,-0,2026340961,-0,03593540192,0,208650956
4,786924336,-0,08187781274,-0,1594851017,-0,07905197144,0,1959303143
4,791929219,-0,06031440198,-0,2265990078,0,394982338,0,4593429925
4,796934102,0,1059710085,-0,2026514709,0,3350753784,0,4056759575
4,801969502,0,07841414958,-0,1236602068,0,004737854004,0,1465028084
4,806974385,0,07350978255,-0,1235377491,0,00469493866,0,1438308243
4,811979268,-0,009092010558,-0,1880216599,-0,04563903809,0,1936949432
4,816984151,0,3570008576,-0,983998239,0,06700325012,1,048900177
4,822019551,0,2658603489,-0,6086748838,-0,5962314606,0,8925574457
4,827024434,0,263967365,-0,6064117551,-0,5961389542,0,8903907228
4,832029317,0,2663603425,-0,8409731388,-0,1770763397,0,8997442316
4,837034199,0,1844167709,-0,8116643429,-0,03557300568,0,8331110308
4,8420696,0,1863848418,-0,8083480597,-0,03539180756,0,8303122755
4,847074483,0,03244453669,-0,7568821311,-0,1597747803,0,7742423321
4,852079365,0,02229276299,-0,8296035528,0,1327056885,0,840446204
4,857084248,-0,05482747406,-0,9140957594,0,1161642075,0,9230770457
4,862119649,-0,05397779495,-0,9098415375,0,1163883209,0,9188424603
4,867124531,-0,1331559718,-0,7763466835,0,0255651474,0,7880978763
4,872129414,-0,1331691295,-0,7724525332,0,02576637268,0,7842708965
4,877164815,-0,1235423237,-0,7066687942,0,1026086807,0,7246875408
4,882169697,-0,0638858974,-0,4883204103,-0,002656936646,0,4924888732
4,88717458,-0,06426118314,-0,4868721366,-0,002584457397,0,4911014727
4,892179463,0,02019012719,0,1593011618,0,3325071335,0,3692499089
4,897214863,0,12180686,0,1963306069,0,3252649307,0,3989735499
4,902219746,0,0870372057,0,3111674786,0,172118187,0,3660947216
4,907224629,0,08758600056,0,3073922992,0,1719284058,0,3629334785
4,91226003,-0,06012626737,0,3266592026,0,3462753296,0,4798208067
4,917264912,-0,02629891783,0,1992031038,0,2409000397,0,3136978463
4,922269795,-0,02757515758,0,1938790381,0,2406177521,0,3102359962
4,927305196,-0,008520066738,-0,1176905334,0,1564846039,0,1959874599
4,932310078,-0,03539656103,-0,15850389,0,05320262909,0,1709003202
4,937314961,-0,03832954168,-0,1631079316,0,0529499054,0,175718649
4,942319844,0,01926807314,0,10530743,-0,1628904343,0,1949210277
4,947355244,0,01841516793,0,101184845,-0,1630964279,0,1928158086
4,952360127,0,05719344318,0,2030799985,-0,1009740829,0,2338981427
4,95736501,0,1061709374,0,2362264097,-0,1106796265,0,2816472338
4,962369893,-0,002587988973,0,04521498084,-0,1131448746,0,121872289
4,967405293,-0,04681139439,-0,02499336004,-0,09400272369,0,1079466848
4,972410176,-0,01031064242,-0,03406956792,-0,08678627014,0,09380245994
4,977415059,0,01090040803,0,03912699223,-0,05079269409,0,06503566859
4,982419942,0,03403305262,0,120269388,-0,007580757141,0,1252215725
4,987455342,0,0404054448,0,1850512922,-0,04340267181,0,1943202836
4,992460225,0,03992042691,0,1880949736,-0,04326248169,0,1970913542
4,997465108,0,04971561581,0,1772854626,-0,06944084167,0,1967836584
5,00246999,0,03379991651,0,09481203556,-0,06445789337,0,1195264676
5,007505391,0,04461920261,0,01267021894,-0,04747676849,0,06637357333
5,012510274,0,03884015232,-0,02612447739,-0,01612091064,0,04950686327
5,017515156,0,02363845706,-0,01029348373,0,02001953125,0,03264221333
5,022520039,0,06177149713,0,06779655814,-0,2525548935,0,2686932552
5,02755544,0,1211779192,0,0355796814,-0,6977891922,0,7091260527
5,032560322,0,2027235925,0,02384597063,-1,061038017,1,080493942
5,037565205,0,2134349644,0,0385658145,-1,060136795,1,082096036
5,042570088,0,2467493266,0,1658194661,-0,6328048706,0,6991590161
5,047605488,0,2570249438,0,1892017126,-0,6313352585,0,7074201852
5,052610371,0,1027815789,0,03110176325,0,2084674835,0,2344996041
5,057615254,-0,1380138695,0,05321025848,0,5356588364,0,5557063512
5,062650655,-0,3827252686,0,09144967794,0,714589119,0,8157691363
5,067655537,-0,3323956728,0,2201881409,0,7708797455,0,8678855239
5,07266042,-0,3419317603,0,2403739691,0,7721529007,0,8780188357
5,077665303,0,06685009599,0,1510077715,1,010313034,1,023721011
5,082700703,0,03805277497,0,05652308464,0,8217411041,0,8245612864
5,087705586,-0,1127453968,-0,04555559158,0,5804271698,0,5930282758
5,092710469,-0,1759060919,-0,131575644,0,4893770218,0,5364186543
5,097745869,-0,02893970907,-0,1702253222,0,4674491882,0,4983200886
5,102750752,0,1447070837,-0,1377144456,0,5793094635,0,612784516
5,107755635,0,179495126,-0,06246268749,0,7672014236,0,7903911133
5,112791035,0,06233044714,0,0219912529,0,8856067657,0,8880698415
5,117795918,-0,05128536373,0,02549654245,0,9271059036,0,9288733061
5,122800801,-0,07434667647,-0,02027100325,0,99954319,1,002509317
5,127805684,0,003659129143,-0,1120166779,1,026324272,1,032425608
5,132841084,0,07201453298,-0,1579658985,0,8757543564,0,8927961754
5,137845967,0,05491768569,-0,1353061199,0,5506334305,0,5696673354
5,14285085,0,04280176759,-0,1703316867,0,5487260818,0,5761468456